{"Accuracy_mean": 0.7820068324699305, "Accuracy_std": 0.013995308407648987, "_timestamp": 1698745594.9012313, "_runtime": 11.441999197006226, "_step": 4, "F1 Score_mean": 0.7808388302687518, "F1 Score_std": 0.0149097266490003, "Precision_mean": 0.7811478426729714, "Precision_std": 0.015208819629480048, "Recall_mean": 0.7820068324699305, "Recall_std": 0.013995308407648987, "ROC-AUC_mean": 0.8734820966281797, "ROC-AUC_std": 0.01292880556853466, "_wandb": {"runtime": 9}}