{"Accuracy_mean": 0.9083694018972439, "Accuracy_std": 0.01001881472813294, "_timestamp": 1698741084.0785246, "_runtime": 10.339473485946655, "_step": 4, "F1 Score_mean": 0.9079937809193345, "F1 Score_std": 0.01061804553207567, "Precision_mean": 0.9083315858157951, "Precision_std": 0.01065601073014879, "Recall_mean": 0.9083694018972439, "Recall_std": 0.01001881472813294, "ROC-AUC_mean": 0.9542514251182206, "ROC-AUC_std": 0.004524331714739466, "_wandb": {"runtime": 8}}