{"Accuracy_mean": 0.8449156406748746, "Accuracy_std": 0.01118669745531681, "_timestamp": 1698745243.6460376, "_runtime": 60.01148247718811, "_step": 4, "F1 Score_mean": 0.8407916870615606, "F1 Score_std": 0.011876540798904706, "Precision_mean": 0.8407343402346594, "Precision_std": 0.01206826733072619, "Recall_mean": 0.8449156406748746, "Recall_std": 0.01118669745531681, "ROC-AUC_mean": 0.9636945325674949, "ROC-AUC_std": 0.0038332871773587842, "_wandb": {"runtime": 58}}