{"Accuracy_mean": 0.949671458366038, "Accuracy_std": 0.00699898879907339, "_timestamp": 1698739113.3601716, "_runtime": 10.85625958442688, "_step": 4, "F1 Score_mean": 0.9495397429372178, "F1 Score_std": 0.007110778917789039, "Precision_mean": 0.9496070203254592, "Precision_std": 0.007185280753627881, "Recall_mean": 0.949671458366038, "Recall_std": 0.00699898879907339, "ROC-AUC_mean": 0.9960486151584739, "ROC-AUC_std": 0.0007258824144464661, "_wandb": {"runtime": 9}}