{"Accuracy_mean": 0.9078233275773137, "Accuracy_std": 0.008757384049775902, "_timestamp": 1698741806.5413353, "_runtime": 10.466530323028564, "_step": 4, "F1 Score_mean": 0.9074875318096159, "F1 Score_std": 0.009123978918152252, "Precision_mean": 0.9078116452749532, "Precision_std": 0.009089350246106801, "Recall_mean": 0.9078233275773137, "Recall_std": 0.008757384049775902, "ROC-AUC_mean": 0.9533704701703127, "ROC-AUC_std": 0.004328226372245876, "_wandb": {"runtime": 8}}