{"Accuracy_mean": 0.9390071240085817, "Accuracy_std": 0.007085936936869885, "_timestamp": 1698739197.4095588, "_runtime": 44.475844860076904, "_step": 4, "F1 Score_mean": 0.9391129161539512, "F1 Score_std": 0.006987868861253077, "Precision_mean": 0.9394150067283631, "Precision_std": 0.006801573190966552, "Recall_mean": 0.9390071240085817, "Recall_std": 0.007085936936869885, "ROC-AUC_mean": 0.9939198694286615, "ROC-AUC_std": 0.0011076871390633923, "_wandb": {"runtime": 42}}