{"Accuracy_mean": 0.8810189649630343, "Accuracy_std": 0.011363664140846629, "_timestamp": 1698744002.3715167, "_runtime": 12.013112783432007, "_step": 4, "F1 Score_mean": 0.8804135397501078, "F1 Score_std": 0.011420288529589064, "Precision_mean": 0.8808904870037277, "Precision_std": 0.012079928188918418, "Recall_mean": 0.8810189649630343, "Recall_std": 0.011363664140846629, "ROC-AUC_mean": 0.9753010059353684, "ROC-AUC_std": 0.0032098223087390055, "_wandb": {"runtime": 10}}