{"Accuracy_mean": 0.9370915655625573, "Accuracy_std": 0.003835601373618732, "_timestamp": 1698738878.3411932, "_runtime": 30.77864122390747, "_step": 4, "F1 Score_mean": 0.9373202163545822, "F1 Score_std": 0.003963873749569414, "Precision_mean": 0.9379330357079111, "Precision_std": 0.0043708930525150425, "Recall_mean": 0.9370915655625573, "Recall_std": 0.003835601373618732, "ROC-AUC_mean": 0.9940682917015924, "ROC-AUC_std": 0.0008401136124343844, "_wandb": {"runtime": 29}}