{"Accuracy_mean": 0.9113815941931481, "Accuracy_std": 0.007571604701705587, "_timestamp": 1698737830.2991855, "_runtime": 15.116422414779663, "_step": 4, "F1 Score_mean": 0.9113190177518267, "F1 Score_std": 0.007775974018242009, "Precision_mean": 0.9121219298771728, "Precision_std": 0.008013621647827823, "Recall_mean": 0.9113815941931481, "Recall_std": 0.007571604701705587, "ROC-AUC_mean": 0.9488379980786826, "ROC-AUC_std": 0.0035512731875765625, "_wandb": {"runtime": 13}}