{"Accuracy_mean": 0.8224809939225404, "Accuracy_std": 0.009578030526729765, "_timestamp": 1698744808.8632119, "_runtime": 18.24972891807556, "_step": 4, "F1 Score_mean": 0.8219307339291595, "F1 Score_std": 0.00971312434720058, "Precision_mean": 0.8228109788250626, "Precision_std": 0.00938619161933505, "Recall_mean": 0.8224809939225404, "Recall_std": 0.009578030526729765, "ROC-AUC_mean": 0.9566431565614512, "ROC-AUC_std": 0.004498282961795887, "_wandb": {"runtime": 16}}