{"Accuracy_mean": 0.7844632324908614, "Accuracy_std": 0.00652971718431618, "_timestamp": 1698745172.0920072, "_runtime": 10.50163221359253, "_step": 4, "F1 Score_mean": 0.7817331349274198, "F1 Score_std": 0.007901724566966854, "Precision_mean": 0.7807164487303876, "Precision_std": 0.008104007088436643, "Recall_mean": 0.7844632324908614, "Recall_std": 0.00652971718431618, "ROC-AUC_mean": 0.8783194937963454, "ROC-AUC_std": 0.006812899128403997, "_wandb": {"runtime": 8}}