{"Accuracy_mean": 0.8739091595463957, "Accuracy_std": 0.011353267716706365, "_timestamp": 1698742353.4049525, "_runtime": 147.21283841133118, "_step": 4, "F1 Score_mean": 0.872097574943646, "F1 Score_std": 0.011927702395787356, "Precision_mean": 0.8728922728917793, "Precision_std": 0.012680182213022664, "Recall_mean": 0.8739091595463957, "Recall_std": 0.011353267716706365, "ROC-AUC_mean": 0.9755579179786917, "ROC-AUC_std": 0.0026093144533767174, "_wandb": {"runtime": 145}}