{"Accuracy_mean": 0.9507662233784095, "Accuracy_std": 0.00744017420388421, "_timestamp": 1698741362.4263277, "_runtime": 45.24510979652405, "_step": 4, "F1 Score_mean": 0.9507011356526369, "F1 Score_std": 0.00738233894488995, "Precision_mean": 0.950772231917407, "Precision_std": 0.007416007036173939, "Recall_mean": 0.9507662233784095, "Recall_std": 0.00744017420388421, "ROC-AUC_mean": 0.9960675468635136, "ROC-AUC_std": 0.0011570480476284163, "_wandb": {"runtime": 43}}