{"Accuracy_mean": 0.820301555620342, "Accuracy_std": 0.01295652665867792, "_timestamp": 1698744940.9326882, "_runtime": 12.650947332382202, "_step": 4, "F1 Score_mean": 0.8135344140887696, "F1 Score_std": 0.014714271657593689, "Precision_mean": 0.8238041347626106, "Precision_std": 0.012723913432785595, "Recall_mean": 0.820301555620342, "Recall_std": 0.01295652665867792, "ROC-AUC_mean": 0.9628982026660369, "ROC-AUC_std": 0.002315726809757734, "_wandb": {"runtime": 11}}