{"Accuracy_mean": 0.9124737428330081, "Accuracy_std": 0.006516498019950301, "_timestamp": 1698742140.656674, "_runtime": 13.542951822280884, "_step": 4, "F1 Score_mean": 0.9124874676545135, "F1 Score_std": 0.00647526534587187, "Precision_mean": 0.9132547431548266, "Precision_std": 0.006521425485153235, "Recall_mean": 0.9124737428330081, "Recall_std": 0.006516498019950301, "ROC-AUC_mean": 0.9896613294374369, "ROC-AUC_std": 0.0012509416495383953, "_wandb": {"runtime": 11}}