{"Accuracy_mean": 0.9294326956859755, "Accuracy_std": 0.010746012630236494, "_timestamp": 1698744304.3422964, "_runtime": 45.39270734786987, "_step": 4, "F1 Score_mean": 0.9293733094129205, "F1 Score_std": 0.010860965135474358, "Precision_mean": 0.9300625411246498, "Precision_std": 0.011134203922458724, "Recall_mean": 0.9294326956859755, "Recall_std": 0.010746012630236494, "ROC-AUC_mean": 0.992006623947078, "ROC-AUC_std": 0.002395393726894092, "_wandb": {"runtime": 43}}