{"Accuracy_mean": 0.9373670322112833, "Accuracy_std": 0.009541545215944063, "_timestamp": 1698741659.7852604, "_runtime": 34.63969850540161, "_step": 4, "F1 Score_mean": 0.9367488498615331, "F1 Score_std": 0.00944186647424547, "Precision_mean": 0.9370306446939821, "Precision_std": 0.009704960781534594, "Recall_mean": 0.9373670322112833, "Recall_std": 0.009541545215944063, "ROC-AUC_mean": 0.9937393556004736, "ROC-AUC_std": 0.001620086260027895, "_wandb": {"runtime": 33}}