{"Accuracy_mean": 0.9606127544422268, "Accuracy_std": 0.00785338697005426, "_timestamp": 1698738654.2626753, "_runtime": 15.03388524055481, "_step": 4, "F1 Score_mean": 0.9606722162973993, "F1 Score_std": 0.007747484011983588, "Precision_mean": 0.9608871335548935, "Precision_std": 0.007730679201027506, "Recall_mean": 0.9606127544422268, "Recall_std": 0.00785338697005426, "ROC-AUC_mean": 0.9973452032071378, "ROC-AUC_std": 0.0007963459218581138, "_wandb": {"runtime": 13}}