{"Accuracy_mean": 0.8287752386505499, "Accuracy_std": 0.006537771005571701, "_timestamp": 1698745154.6361747, "_runtime": 10.006113767623901, "_step": 4, "F1 Score_mean": 0.8228589083290021, "F1 Score_std": 0.008824334469927975, "Precision_mean": 0.8245466382010752, "Precision_std": 0.006804442287147621, "Recall_mean": 0.8287752386505499, "Recall_std": 0.006537771005571701, "ROC-AUC_mean": 0.9530435483621776, "ROC-AUC_std": 0.006215546842078825, "_wandb": {"runtime": 8}}