{"Accuracy_mean": 0.8955207702600674, "Accuracy_std": 0.01446053049650261, "_timestamp": 1698740827.3439052, "_runtime": 131.38384413719177, "_step": 4, "F1 Score_mean": 0.8970625918981021, "F1 Score_std": 0.01368252082013156, "Precision_mean": 0.9028508978857406, "Precision_std": 0.01023047836584982, "Recall_mean": 0.8955207702600674, "Recall_std": 0.01446053049650261, "ROC-AUC_mean": 0.9743622645431905, "ROC-AUC_std": 0.0018995384792578195, "_wandb": {"runtime": 129}}