{"Accuracy_mean": 0.9603380353285041, "Accuracy_std": 0.0076464133218019795, "_timestamp": 1698740994.9919715, "_runtime": 16.411237478256226, "_step": 4, "F1 Score_mean": 0.9603571240506493, "F1 Score_std": 0.007559758438601984, "Precision_mean": 0.9604467730068246, "Precision_std": 0.007516054425671778, "Recall_mean": 0.9603380353285041, "Recall_std": 0.0076464133218019795, "ROC-AUC_mean": 0.9973443445177551, "ROC-AUC_std": 0.000746729951321303, "_wandb": {"runtime": 14}}