{"Accuracy_mean": 0.8698040710756281, "Accuracy_std": 0.008609958634055222, "_timestamp": 1698742417.8890393, "_runtime": 54.506354331970215, "_step": 4, "F1 Score_mean": 0.8703248430474941, "F1 Score_std": 0.008734080730325248, "Precision_mean": 0.8737789270824473, "Precision_std": 0.00971634323704324, "Recall_mean": 0.8698040710756281, "Recall_std": 0.008609958634055222, "ROC-AUC_mean": 0.9725063258815304, "ROC-AUC_std": 0.0022586137865215406, "_wandb": {"runtime": 52}}