{"Accuracy_mean": 0.9086471111509796, "Accuracy_std": 0.009530141694631991, "_timestamp": 1698741755.0021687, "_runtime": 13.923583745956421, "_step": 4, "F1 Score_mean": 0.908526304157383, "F1 Score_std": 0.009867952153486332, "Precision_mean": 0.9086985199436324, "Precision_std": 0.010442547988808332, "Recall_mean": 0.9086471111509796, "Recall_std": 0.009530141694631991, "ROC-AUC_mean": 0.9882518753933607, "ROC-AUC_std": 0.0019696051236611192, "_wandb": {"runtime": 12}}