{"Accuracy_mean": 0.8815631704454561, "Accuracy_std": 0.006976118609047275, "_timestamp": 1698745843.3970754, "_runtime": 32.59546232223511, "_step": 4, "F1 Score_mean": 0.8813310021500813, "F1 Score_std": 0.006705059941744534, "Precision_mean": 0.8821963105878439, "Precision_std": 0.006639368240901325, "Recall_mean": 0.8815631704454561, "Recall_std": 0.006976118609047275, "ROC-AUC_mean": 0.974519264083824, "ROC-AUC_std": 0.002409358398504663, "_wandb": {"runtime": 30}}