{"Accuracy_mean": 0.9097396335583413, "Accuracy_std": 0.00775849809029898, "_timestamp": 1698744021.1863866, "_runtime": 9.715816497802734, "_step": 4, "F1 Score_mean": 0.909526734233207, "F1 Score_std": 0.007422925290639343, "Precision_mean": 0.9114278165963728, "Precision_std": 0.00612790244003513, "Recall_mean": 0.9097396335583413, "Recall_std": 0.00775849809029898, "ROC-AUC_mean": 0.9826950654229943, "ROC-AUC_std": 0.0023264510674119196, "_wandb": {"runtime": 8}}