{"Accuracy_mean": 0.8766481277985841, "Accuracy_std": 0.013024216123485527, "_timestamp": 1698745037.7146354, "_runtime": 69.16901135444641, "_step": 4, "F1 Score_mean": 0.8760219726759806, "F1 Score_std": 0.012703993109363026, "Precision_mean": 0.8794166311466756, "Precision_std": 0.011834341700720986, "Recall_mean": 0.8766481277985841, "Recall_std": 0.013024216123485527, "ROC-AUC_mean": 0.9811755071182452, "ROC-AUC_std": 0.0018767977761258007, "_wandb": {"runtime": 66}}