{"Accuracy_mean": 0.8588646438369476, "Accuracy_std": 0.009090168384089497, "_timestamp": 1698744832.3748176, "_runtime": 10.70215368270874, "_step": 4, "F1 Score_mean": 0.8568335229802582, "F1 Score_std": 0.009703735679714193, "Precision_mean": 0.8574800182218196, "Precision_std": 0.009986253391722329, "Recall_mean": 0.8588646438369476, "Recall_std": 0.009090168384089497, "ROC-AUC_mean": 0.9677138051822993, "ROC-AUC_std": 0.0033762551287234103, "_wandb": {"runtime": 9}}