{"Accuracy_mean": 0.8388972363630927, "Accuracy_std": 0.012988296580639129, "_timestamp": 1698745280.0947645, "_runtime": 29.933122396469116, "_step": 4, "F1 Score_mean": 0.838939009870234, "F1 Score_std": 0.013050990465314343, "Precision_mean": 0.8422679988446277, "Precision_std": 0.013611842415779802, "Recall_mean": 0.8388972363630927, "Recall_std": 0.012988296580639129, "ROC-AUC_mean": 0.9613325422743012, "ROC-AUC_std": 0.0028486699417757146, "_wandb": {"runtime": 28}}