{"Accuracy_mean": 0.854488573927474, "Accuracy_std": 0.007363090765442521, "_timestamp": 1698745724.0694509, "_runtime": 34.13517785072327, "_step": 4, "F1 Score_mean": 0.854637891431812, "F1 Score_std": 0.007254136199596585, "Precision_mean": 0.8579196144817167, "Precision_std": 0.008325589390354835, "Recall_mean": 0.854488573927474, "Recall_std": 0.007363090765442521, "ROC-AUC_mean": 0.965899405954097, "ROC-AUC_std": 0.0023019899362194643, "_wandb": {"runtime": 32}}