{"Accuracy_mean": 0.9204043416832993, "Accuracy_std": 0.010364117227208787, "_timestamp": 1698744139.5093143, "_runtime": 33.937315225601196, "_step": 4, "F1 Score_mean": 0.9209536757239537, "F1 Score_std": 0.010215184011572254, "Precision_mean": 0.9220091682450281, "Precision_std": 0.0100995040755372, "Recall_mean": 0.9204043416832993, "Recall_std": 0.010364117227208787, "ROC-AUC_mean": 0.9910655449204155, "ROC-AUC_std": 0.0021169171097255644, "_wandb": {"runtime": 32}}