{"Accuracy_mean": 0.9173943919924049, "Accuracy_std": 0.011573509294585454, "_timestamp": 1698740402.6993456, "_runtime": 10.22925066947937, "_step": 4, "F1 Score_mean": 0.9170696143979995, "F1 Score_std": 0.011645780533188667, "Precision_mean": 0.9185794381913421, "Precision_std": 0.011886291834944282, "Recall_mean": 0.9173943919924049, "Recall_std": 0.011573509294585454, "ROC-AUC_mean": 0.9888797770651427, "ROC-AUC_std": 0.002092467583629629, "_wandb": {"runtime": 8}}