{"Accuracy_mean": 0.8566739925096993, "Accuracy_std": 0.0013346250957121206, "_timestamp": 1698746020.4470584, "_runtime": 10.33084750175476, "_step": 4, "F1 Score_mean": 0.8549749133609961, "F1 Score_std": 0.0011024285652891806, "Precision_mean": 0.8553602405221788, "Precision_std": 0.001259932217401932, "Recall_mean": 0.8566739925096993, "Recall_std": 0.0013346250957121206, "ROC-AUC_mean": 0.9663945026661954, "ROC-AUC_std": 0.003242367880614035, "_wandb": {"runtime": 8}}