{"Accuracy_mean": 0.8845783528813737, "Accuracy_std": 0.01611178471321431, "_timestamp": 1698741944.2945755, "_runtime": 20.70524549484253, "_step": 4, "F1 Score_mean": 0.8847459518683201, "F1 Score_std": 0.015996130511777656, "Precision_mean": 0.8853617162453624, "Precision_std": 0.015681361677361033, "Recall_mean": 0.8845783528813737, "Recall_std": 0.01611178471321431, "ROC-AUC_mean": 0.9720537480890737, "ROC-AUC_std": 0.002458077395860539, "_wandb": {"runtime": 19}}