{"Accuracy_mean": 0.9515866430445605, "Accuracy_std": 0.008324366133400976, "_timestamp": 1698739039.8982239, "_runtime": 37.2590708732605, "_step": 4, "F1 Score_mean": 0.9516320946560711, "F1 Score_std": 0.008228844716816749, "Precision_mean": 0.9519357744998969, "Precision_std": 0.00821342337614841, "Recall_mean": 0.9515866430445605, "Recall_std": 0.008324366133400976, "ROC-AUC_mean": 0.9958046968625883, "ROC-AUC_std": 0.0010229116198834697, "_wandb": {"runtime": 35}}