{"Accuracy_mean": 0.946663377512652, "Accuracy_std": 0.005800438116378945, "_timestamp": 1698739433.1584482, "_runtime": 12.01707410812378, "_step": 4, "F1 Score_mean": 0.9466340920325222, "F1 Score_std": 0.005804298873613159, "Precision_mean": 0.9469677858210798, "Precision_std": 0.005847352131665139, "Recall_mean": 0.946663377512652, "Recall_std": 0.005800438116378945, "ROC-AUC_mean": 0.9951179584761812, "ROC-AUC_std": 0.0010684369045053457, "_wandb": {"runtime": 10}}