{"Accuracy_mean": 0.9009856249018859, "Accuracy_std": 0.008085628004892853, "_timestamp": 1698744896.3831222, "_runtime": 23.50322914123535, "_step": 4, "F1 Score_mean": 0.9012884140337556, "F1 Score_std": 0.007908247031412097, "Precision_mean": 0.9023821434777322, "Precision_std": 0.007608379101496797, "Recall_mean": 0.9009856249018859, "Recall_std": 0.008085628004892853, "ROC-AUC_mean": 0.9858402106697731, "ROC-AUC_std": 0.002763795848164625, "_wandb": {"runtime": 21}}