{"Accuracy_mean": 0.931621104408214, "Accuracy_std": 0.004464473742702887, "_timestamp": 1698741553.0411184, "_runtime": 26.871408462524414, "_step": 4, "F1 Score_mean": 0.9318419005258098, "F1 Score_std": 0.004326580607887017, "Precision_mean": 0.9325145896026173, "Precision_std": 0.004297706353526479, "Recall_mean": 0.931621104408214, "Recall_std": 0.004464473742702887, "ROC-AUC_mean": 0.9932597755281343, "ROC-AUC_std": 0.0010425243488971358, "_wandb": {"runtime": 25}}