{"Accuracy_mean": 0.8829345234090586, "Accuracy_std": 0.0064630467070771365, "_timestamp": 1698738051.6802244, "_runtime": 10.103795528411865, "_step": 4, "F1 Score_mean": 0.8815111609706507, "F1 Score_std": 0.007186183248984337, "Precision_mean": 0.8859305534478489, "Precision_std": 0.004608204010971813, "Recall_mean": 0.8829345234090586, "Recall_std": 0.0064630467070771365, "ROC-AUC_mean": 0.9774032500024308, "ROC-AUC_std": 0.0020844379348094397, "_wandb": {"runtime": 8}}