{"Accuracy_mean": 0.8829322808040487, "Accuracy_std": 0.008141938358335333, "_timestamp": 1698744663.8307064, "_runtime": 38.8142204284668, "_step": 4, "F1 Score_mean": 0.8823507856822133, "F1 Score_std": 0.008055669199510814, "Precision_mean": 0.8830007425051459, "Precision_std": 0.008786068165029231, "Recall_mean": 0.8829322808040487, "Recall_std": 0.008141938358335333, "ROC-AUC_mean": 0.9758945157004476, "ROC-AUC_std": 0.0028223225309545893, "_wandb": {"runtime": 37}}