{"Accuracy_mean": 0.4857803891667228, "Accuracy_std": 0.010731104800964543, "_timestamp": 1698738706.698988, "_runtime": 42.08111906051636, "_step": 4, "F1 Score_mean": 0.31772484003084045, "F1 Score_std": 0.011755650459551986, "Precision_mean": 0.23609774310922188, "Precision_std": 0.01045315443097522, "Recall_mean": 0.4857803891667228, "Recall_std": 0.010731104800964543, "ROC-AUC_mean": 0.49924555684301836, "ROC-AUC_std": 0.001050993930496656, "_wandb": {"runtime": 40}}