{"Accuracy_mean": 0.8977050675397875, "Accuracy_std": 0.009849462767025757, "_timestamp": 1698745137.3249772, "_runtime": 10.1408212184906, "_step": 4, "F1 Score_mean": 0.8976271208971408, "F1 Score_std": 0.009715608709206729, "Precision_mean": 0.8985860425999966, "Precision_std": 0.009141574900576767, "Recall_mean": 0.8977050675397875, "Recall_std": 0.009849462767025757, "ROC-AUC_mean": 0.9851589864426206, "ROC-AUC_std": 0.002650996293162004, "_wandb": {"runtime": 8}}