{"Accuracy_mean": 0.8402592451391536, "Accuracy_std": 0.012010509762601748, "_timestamp": 1698745531.5775564, "_runtime": 26.341236352920532, "_step": 4, "F1 Score_mean": 0.8369302715613127, "F1 Score_std": 0.012076000514156221, "Precision_mean": 0.8366310435574397, "Precision_std": 0.012416597174506895, "Recall_mean": 0.8402592451391536, "Recall_std": 0.012010509762601748, "ROC-AUC_mean": 0.9559894213751294, "ROC-AUC_std": 0.004645900538364948, "_wandb": {"runtime": 19}}