{"Accuracy_mean": 0.9102849603432681, "Accuracy_std": 0.003055881675344056, "_timestamp": 1698744349.829355, "_runtime": 12.729212045669556, "_step": 4, "F1 Score_mean": 0.9101498607974363, "F1 Score_std": 0.003020339351319488, "Precision_mean": 0.9110803122326511, "Precision_std": 0.0032257004780930063, "Recall_mean": 0.9102849603432681, "Recall_std": 0.003055881675344056, "ROC-AUC_mean": 0.9862909270775461, "ROC-AUC_std": 0.0008793215731135537, "_wandb": {"runtime": 11}}