{"Accuracy_mean": 0.7822796827461446, "Accuracy_std": 0.011733275788330166, "_timestamp": 1698744406.8686137, "_runtime": 10.775245666503906, "_step": 4, "F1 Score_mean": 0.7809541806843756, "F1 Score_std": 0.012834959684263106, "Precision_mean": 0.7811173474890772, "Precision_std": 0.01327119028316437, "Recall_mean": 0.7822796827461446, "Recall_std": 0.011733275788330166, "ROC-AUC_mean": 0.8736646438798644, "ROC-AUC_std": 0.00999101480070965, "_wandb": {"runtime": 9}}