{"Accuracy_mean": 0.9638948068743318, "Accuracy_std": 0.006623933099683545, "_timestamp": 1698740971.0998862, "_runtime": 97.21531224250793, "_step": 4, "F1 Score_mean": 0.9639312307505838, "F1 Score_std": 0.006570600388823043, "Precision_mean": 0.9641808124841716, "Precision_std": 0.006425032359593075, "Recall_mean": 0.9638948068743318, "Recall_std": 0.006623933099683545, "ROC-AUC_mean": 0.997361977496079, "ROC-AUC_std": 0.0006065564090624889, "_wandb": {"runtime": 90}}