{"Accuracy_mean": 0.9059100117362995, "Accuracy_std": 0.006968875412863832, "_timestamp": 1698738767.0167994, "_runtime": 10.420753479003906, "_step": 4, "F1 Score_mean": 0.9056657968223103, "F1 Score_std": 0.007063250973468214, "Precision_mean": 0.9061564687178768, "Precision_std": 0.006793474656913422, "Recall_mean": 0.9059100117362995, "Recall_std": 0.006968875412863832, "ROC-AUC_mean": 0.9521850346217875, "ROC-AUC_std": 0.005914309003569237, "_wandb": {"runtime": 8}}