{"Accuracy_mean": 0.9428348769931152, "Accuracy_std": 0.0036915219915116125, "_timestamp": 1698741876.8307788, "_runtime": 63.63432693481445, "_step": 4, "F1 Score_mean": 0.942894204215567, "F1 Score_std": 0.003349448781919649, "Precision_mean": 0.9433926222793442, "Precision_std": 0.0031858027857535735, "Recall_mean": 0.9428348769931152, "Recall_std": 0.0036915219915116125, "ROC-AUC_mean": 0.9951130573218405, "ROC-AUC_std": 0.0008316702356958283, "_wandb": {"runtime": 57}}