{"Accuracy_mean": 0.9327117579780673, "Accuracy_std": 0.007010711465858951, "_timestamp": 1698741025.569368, "_runtime": 22.731067895889282, "_step": 4, "F1 Score_mean": 0.9326370387303113, "F1 Score_std": 0.007157986316432502, "Precision_mean": 0.9331526342028249, "Precision_std": 0.007213613265984077, "Recall_mean": 0.9327117579780673, "Recall_std": 0.007010711465858951, "ROC-AUC_mean": 0.9935980310680155, "ROC-AUC_std": 0.0010273495434304535, "_wandb": {"runtime": 21}}