{"Accuracy_mean": 0.9455693600352838, "Accuracy_std": 0.008223152411923992, "_timestamp": 1698739408.4220736, "_runtime": 41.24448370933533, "_step": 4, "F1 Score_mean": 0.9455309728010513, "F1 Score_std": 0.008239517751528553, "Precision_mean": 0.945745831754313, "Precision_std": 0.008133784534253563, "Recall_mean": 0.9455693600352838, "Recall_std": 0.008223152411923992, "ROC-AUC_mean": 0.9946842442976267, "ROC-AUC_std": 0.0009948195208080294, "_wandb": {"runtime": 39}}