{"Accuracy_mean": 0.9586983172987076, "Accuracy_std": 0.006200890086926708, "_timestamp": 1698741049.2726135, "_runtime": 12.2857084274292, "_step": 4, "F1 Score_mean": 0.958560065064596, "F1 Score_std": 0.006172527406932486, "Precision_mean": 0.9585794100913769, "Precision_std": 0.006173766569220366, "Recall_mean": 0.9586983172987076, "Recall_std": 0.006200890086926708, "ROC-AUC_mean": 0.9973633203199219, "ROC-AUC_std": 0.0006458780214105096, "_wandb": {"runtime": 10}}