{"Accuracy_mean": 0.8561260493522609, "Accuracy_std": 0.0070669569260235566, "_timestamp": 1698745390.8877912, "_runtime": 43.39948225021362, "_step": 4, "F1 Score_mean": 0.8540437119735712, "F1 Score_std": 0.007679313031661349, "Precision_mean": 0.8538862810451381, "Precision_std": 0.00827536363515576, "Recall_mean": 0.8561260493522609, "Recall_std": 0.0070669569260235566, "ROC-AUC_mean": 0.9687344978434039, "ROC-AUC_std": 0.0033586740258815737, "_wandb": {"runtime": 41}}