{"Accuracy_mean": 0.9521349599695006, "Accuracy_std": 0.00524766170081552, "_timestamp": 1698739058.3287742, "_runtime": 11.669498205184937, "_step": 4, "F1 Score_mean": 0.9520700013599885, "F1 Score_std": 0.005132924670436101, "Precision_mean": 0.9522195968211612, "Precision_std": 0.00505549980520459, "Recall_mean": 0.9521349599695006, "Recall_std": 0.00524766170081552, "ROC-AUC_mean": 0.9962678628628708, "ROC-AUC_std": 0.0008670676671423953, "_wandb": {"runtime": 10}}