{"Accuracy_mean": 0.9094671570496289, "Accuracy_std": 0.007467895223580004, "_timestamp": 1698741408.3821082, "_runtime": 13.364176273345947, "_step": 4, "F1 Score_mean": 0.9098067989604761, "F1 Score_std": 0.007272680163559914, "Precision_mean": 0.9105440010261052, "Precision_std": 0.007190106010155172, "Recall_mean": 0.9094671570496289, "Recall_std": 0.007467895223580004, "ROC-AUC_mean": 0.9892847241904004, "ROC-AUC_std": 0.0006331092318067015, "_wandb": {"runtime": 11}}