{"Accuracy_mean": 0.8818412534666937, "Accuracy_std": 0.006444992196513104, "_timestamp": 1698741618.2436388, "_runtime": 29.94470977783203, "_step": 4, "F1 Score_mean": 0.8816434790513823, "F1 Score_std": 0.00611594866964247, "Precision_mean": 0.8821392202581408, "Precision_std": 0.005537756161110883, "Recall_mean": 0.8818412534666937, "Recall_std": 0.006444992196513104, "ROC-AUC_mean": 0.9738366057016494, "ROC-AUC_std": 0.002497206955893257, "_wandb": {"runtime": 28}}