{"Accuracy_mean": 0.893326755025304, "Accuracy_std": 0.004954024503607053, "_timestamp": 1698743954.6885247, "_runtime": 16.37967562675476, "_step": 4, "F1 Score_mean": 0.8925176144480756, "F1 Score_std": 0.005398863860202256, "Precision_mean": 0.8929747552390894, "Precision_std": 0.005863561363997042, "Recall_mean": 0.893326755025304, "Recall_std": 0.004954024503607053, "ROC-AUC_mean": 0.9809276760493081, "ROC-AUC_std": 0.0017458546045633263, "_wandb": {"runtime": 14}}