{"Accuracy_mean": 0.9376391349524942, "Accuracy_std": 0.007450072607639111, "_timestamp": 1698741518.7501686, "_runtime": 45.58562755584717, "_step": 4, "F1 Score_mean": 0.9377439722854591, "F1 Score_std": 0.007304052269102041, "Precision_mean": 0.9381163951962952, "Precision_std": 0.0070256501655199645, "Recall_mean": 0.9376391349524942, "Recall_std": 0.007450072607639111, "ROC-AUC_mean": 0.9939464807677794, "ROC-AUC_std": 0.0012515286951799728, "_wandb": {"runtime": 44}}