{"Accuracy_mean": 0.9606131282097283, "Accuracy_std": 0.005563629589740952, "_timestamp": 1698738728.598328, "_runtime": 11.644674062728882, "_step": 4, "F1 Score_mean": 0.9606587057427571, "F1 Score_std": 0.005464183793436821, "Precision_mean": 0.9609953553678778, "Precision_std": 0.005462659564356806, "Recall_mean": 0.9606131282097283, "Recall_std": 0.005563629589740952, "ROC-AUC_mean": 0.9969596317516262, "ROC-AUC_std": 0.0010450509493556027, "_wandb": {"runtime": 9}}