{"Accuracy_mean": 0.9357265666464833, "Accuracy_std": 0.012418911322244113, "_timestamp": 1698741773.3806434, "_runtime": 10.884796380996704, "_step": 4, "F1 Score_mean": 0.9356649450000869, "F1 Score_std": 0.01228658596867504, "Precision_mean": 0.9357684537332617, "Precision_std": 0.012104696107977445, "Recall_mean": 0.9357265666464833, "Recall_std": 0.012418911322244113, "ROC-AUC_mean": 0.9938559443711303, "ROC-AUC_std": 0.0014261875549033108, "_wandb": {"runtime": 9}}