{"Accuracy_mean": 0.8960612380674725, "Accuracy_std": 0.0035677313898158157, "_timestamp": 1698741274.4756925, "_runtime": 45.343138456344604, "_step": 4, "F1 Score_mean": 0.896702847589062, "F1 Score_std": 0.004225712559499825, "Precision_mean": 0.9001681492552362, "Precision_std": 0.006260006225745464, "Recall_mean": 0.8960612380674725, "Recall_std": 0.0035677313898158157, "ROC-AUC_mean": 0.9753339832131012, "ROC-AUC_std": 0.0018327454785076207, "_wandb": {"runtime": 43}}