{"Accuracy_mean": 0.9452965097590695, "Accuracy_std": 0.007433867055545999, "_timestamp": 1698741734.012085, "_runtime": 12.934256076812744, "_step": 4, "F1 Score_mean": 0.9451555920569387, "F1 Score_std": 0.007440633039077758, "Precision_mean": 0.9453740968471596, "Precision_std": 0.007347035989340759, "Recall_mean": 0.9452965097590695, "Recall_std": 0.007433867055545999, "ROC-AUC_mean": 0.9951709950389113, "ROC-AUC_std": 0.0011425054754509037, "_wandb": {"runtime": 11}}