{"Accuracy_mean": 0.9234124225366853, "Accuracy_std": 0.011120979004842447, "_timestamp": 1698744098.7366877, "_runtime": 53.256266593933105, "_step": 4, "F1 Score_mean": 0.9236439558100292, "F1 Score_std": 0.011271641850519277, "Precision_mean": 0.9246134153890043, "Precision_std": 0.011410577887214196, "Recall_mean": 0.9234124225366853, "Recall_std": 0.011120979004842447, "ROC-AUC_mean": 0.9916655407015529, "ROC-AUC_std": 0.0024535075311891462, "_wandb": {"runtime": 51}}