{"Accuracy_mean": 0.9102894455532882, "Accuracy_std": 0.010169542097908659, "_timestamp": 1698738081.452867, "_runtime": 20.40052103996277, "_step": 4, "F1 Score_mean": 0.9100358804241209, "F1 Score_std": 0.01012100823995837, "Precision_mean": 0.9107981672656786, "Precision_std": 0.010406140843238777, "Recall_mean": 0.9102894455532882, "Recall_std": 0.010169542097908659, "ROC-AUC_mean": 0.9478019348393047, "ROC-AUC_std": 0.0043744753044611135, "_wandb": {"runtime": 13}}