{"Accuracy_mean": 0.8531205848713868, "Accuracy_std": 0.007006552711936451, "_timestamp": 1698744536.0924792, "_runtime": 34.19819617271423, "_step": 4, "F1 Score_mean": 0.8532413997330484, "F1 Score_std": 0.007021891451720753, "Precision_mean": 0.8560556147299476, "Precision_std": 0.007825787016578808, "Recall_mean": 0.8531205848713868, "Recall_std": 0.007006552711936451, "ROC-AUC_mean": 0.9660063201846902, "ROC-AUC_std": 0.0024273245846966746, "_wandb": {"runtime": 32}}