{"Accuracy_mean": 0.9004380555119493, "Accuracy_std": 0.00699055934473642, "_timestamp": 1698745102.478645, "_runtime": 13.16074800491333, "_step": 4, "F1 Score_mean": 0.900352946580026, "F1 Score_std": 0.007018483910176337, "Precision_mean": 0.9007184383092094, "Precision_std": 0.006722997099068707, "Recall_mean": 0.9004380555119493, "Recall_std": 0.00699055934473642, "ROC-AUC_mean": 0.9856271596972409, "ROC-AUC_std": 0.0025785668790685033, "_wandb": {"runtime": 11}}