{"Accuracy_mean": 0.8941520336689764, "Accuracy_std": 0.01350840105956896, "_timestamp": 1698740683.0132368, "_runtime": 45.17222881317139, "_step": 4, "F1 Score_mean": 0.8949078323603044, "F1 Score_std": 0.013243639625224981, "Precision_mean": 0.8964277199229385, "Precision_std": 0.012812078014051747, "Recall_mean": 0.8941520336689764, "Recall_std": 0.01350840105956896, "ROC-AUC_mean": 0.9691244114768626, "ROC-AUC_std": 0.002059714629273419, "_wandb": {"runtime": 43}}