{"Accuracy_mean": 0.8886782086071181, "Accuracy_std": 0.0070256634559567755, "_timestamp": 1698743926.3640823, "_runtime": 105.67254042625427, "_step": 4, "F1 Score_mean": 0.8878244447289294, "F1 Score_std": 0.007560204481375556, "Precision_mean": 0.8881101695888052, "Precision_std": 0.00802903998736992, "Recall_mean": 0.8886782086071181, "Recall_std": 0.0070256634559567755, "ROC-AUC_mean": 0.9787245630470658, "ROC-AUC_std": 0.0018675387795454794, "_wandb": {"runtime": 104}}