{"Accuracy_mean": 0.9472087042975786, "Accuracy_std": 0.006576203593997033, "_timestamp": 1698738279.3147206, "_runtime": 54.50604772567749, "_step": 4, "F1 Score_mean": 0.9473847444676877, "F1 Score_std": 0.006526177928822518, "Precision_mean": 0.9480268991594375, "Precision_std": 0.0067487648153354615, "Recall_mean": 0.9472087042975786, "Recall_std": 0.006576203593997033, "ROC-AUC_mean": 0.9954666240834713, "ROC-AUC_std": 0.0009920813237367717, "_wandb": {"runtime": 52}}