{"Accuracy_mean": 0.8911432052805873, "Accuracy_std": 0.012590179819250986, "_timestamp": 1698744849.9032571, "_runtime": 10.124991178512573, "_step": 4, "F1 Score_mean": 0.8910773689301044, "F1 Score_std": 0.012587472352993654, "Precision_mean": 0.8922734755135519, "Precision_std": 0.01197837052122251, "Recall_mean": 0.8911432052805873, "Recall_std": 0.012590179819250986, "ROC-AUC_mean": 0.9790267453731092, "ROC-AUC_std": 0.004028886207956908, "_wandb": {"runtime": 8}}