{"Accuracy_mean": 0.952952389495638, "Accuracy_std": 0.009429444459774415, "_timestamp": 1698740568.382007, "_runtime": 136.15041589736938, "_step": 4, "F1 Score_mean": 0.953112737969142, "F1 Score_std": 0.009326894141652598, "Precision_mean": 0.9537217261288433, "Precision_std": 0.0092418995037458, "Recall_mean": 0.952952389495638, "Recall_std": 0.009429444459774415, "ROC-AUC_mean": 0.9963003925236604, "ROC-AUC_std": 0.0009830539781183413, "_wandb": {"runtime": 124}}