{"Accuracy_mean": 0.8353423336547733, "Accuracy_std": 0.009402249547253922, "_timestamp": 1698745554.708142, "_runtime": 16.221585988998413, "_step": 4, "F1 Score_mean": 0.8312007887249806, "F1 Score_std": 0.009126952680304053, "Precision_mean": 0.8312655954965613, "Precision_std": 0.010005676355289789, "Recall_mean": 0.8353423336547733, "Recall_std": 0.009402249547253922, "ROC-AUC_mean": 0.9603515947641432, "ROC-AUC_std": 0.005123763596619473, "_wandb": {"runtime": 9}}