{"Accuracy_mean": 0.8241300561398788, "Accuracy_std": 0.011951000142317402, "_timestamp": 1698744962.039907, "_runtime": 13.8367760181427, "_step": 4, "F1 Score_mean": 0.821539909234058, "F1 Score_std": 0.011846893158634401, "Precision_mean": 0.8222603983603172, "Precision_std": 0.011448198083700052, "Recall_mean": 0.8241300561398788, "Recall_std": 0.011951000142317402, "ROC-AUC_mean": 0.9638309955235524, "ROC-AUC_std": 0.0031233781200957827, "_wandb": {"runtime": 12}}