{"Accuracy_mean": 0.9493993556248272, "Accuracy_std": 0.006912732282044939, "_timestamp": 1698742160.0324361, "_runtime": 11.809993028640747, "_step": 4, "F1 Score_mean": 0.9493430439639404, "F1 Score_std": 0.006811804798489653, "Precision_mean": 0.949465638014974, "Precision_std": 0.006755928568250545, "Recall_mean": 0.9493993556248272, "Recall_std": 0.006912732282044939, "ROC-AUC_mean": 0.9956524295398121, "ROC-AUC_std": 0.0004902492733255996, "_wandb": {"runtime": 9}}