{"Accuracy_mean": 0.8421811576327061, "Accuracy_std": 0.012381238455297592, "_timestamp": 1698738748.3361006, "_runtime": 9.924649477005005, "_step": 4, "F1 Score_mean": 0.8408948126130001, "F1 Score_std": 0.01189948201962018, "Precision_mean": 0.8404791783744031, "Precision_std": 0.011846263922740735, "Recall_mean": 0.8421811576327061, "Recall_std": 0.012381238455297592, "ROC-AUC_mean": 0.9642295191558234, "ROC-AUC_std": 0.003063455705657883, "_wandb": {"runtime": 8}}