{"Accuracy_mean": 0.900716138533187, "Accuracy_std": 0.013150671812445655, "_timestamp": 1698741443.1531575, "_runtime": 10.003050565719604, "_step": 4, "F1 Score_mean": 0.9013909281389612, "F1 Score_std": 0.012610181986584082, "Precision_mean": 0.9028732012011105, "Precision_std": 0.011981221116991453, "Recall_mean": 0.900716138533187, "Recall_std": 0.013150671812445655, "ROC-AUC_mean": 0.9849019487773554, "ROC-AUC_std": 0.0016801536524202235, "_wandb": {"runtime": 8}}