{"Accuracy_mean": 0.8419094286589969, "Accuracy_std": 0.013812132363128922, "_timestamp": 1698744167.4714522, "_runtime": 20.79266619682312, "_step": 4, "F1 Score_mean": 0.8379264659976622, "F1 Score_std": 0.014666634120946357, "Precision_mean": 0.8458749047701076, "Precision_std": 0.01385110423821981, "Recall_mean": 0.8419094286589969, "Recall_std": 0.013812132363128922, "ROC-AUC_mean": 0.9625599901603868, "ROC-AUC_std": 0.0023574071379109792, "_wandb": {"runtime": 19}}