{"Accuracy_mean": 0.9097422499308528, "Accuracy_std": 0.010075001312351865, "_timestamp": 1698740425.233638, "_runtime": 15.011463165283203, "_step": 4, "F1 Score_mean": 0.9097300260393657, "F1 Score_std": 0.009932918236785887, "Precision_mean": 0.9108491306154894, "Precision_std": 0.010165303041155862, "Recall_mean": 0.9097422499308528, "Recall_std": 0.010075001312351865, "ROC-AUC_mean": 0.9465201760976967, "ROC-AUC_std": 0.0032547556152124563, "_wandb": {"runtime": 13}}