{"Accuracy_mean": 0.9057142857142859, "Accuracy_std": 0.03192962783664801, "_timestamp": 1698733033.755908, "_runtime": 14.539145946502686, "_step": 4, "F1 Score_mean": 0.9070937950937952, "F1 Score_std": 0.02754747670671059, "Precision_mean": 0.936984126984127, "Precision_std": 0.036131949333804536, "Recall_mean": 0.9057142857142859, "Recall_std": 0.03192962783664801, "ROC-AUC_mean": 0.9587918192918193, "ROC-AUC_std": 0.051521623391034936, "_wandb": {"runtime": 12}}