{"Accuracy_mean": 0.9245068137815554, "Accuracy_std": 0.004623834301183267, "_timestamp": 1698744373.683303, "_runtime": 16.00899314880371, "_step": 4, "F1 Score_mean": 0.9245466381968857, "F1 Score_std": 0.004546988751631808, "Precision_mean": 0.9255653249656615, "Precision_std": 0.003915878510194377, "Recall_mean": 0.9245068137815554, "Recall_std": 0.004623834301183267, "ROC-AUC_mean": 0.9913394777933113, "ROC-AUC_std": 0.0015302738404703935, "_wandb": {"runtime": 9}}