{"Accuracy_mean": 0.7513698578935959, "Accuracy_std": 0.00696649202778455, "_timestamp": 1698738990.0131943, "_runtime": 22.45939326286316, "_step": 4, "F1 Score_mean": 0.7084181545138883, "F1 Score_std": 0.0068615467691055245, "Precision_mean": 0.6786020229985456, "Precision_std": 0.007075650649933642, "Recall_mean": 0.7513698578935959, "Recall_std": 0.00696649202778455, "ROC-AUC_mean": 0.9160216724708764, "ROC-AUC_std": 0.0031722379777851025, "_wandb": {"runtime": 20}}