{"Accuracy_mean": 0.8733593475514491, "Accuracy_std": 0.00988088996231435, "_timestamp": 1698743983.702169, "_runtime": 22.250602960586548, "_step": 4, "F1 Score_mean": 0.8724012979370078, "F1 Score_std": 0.00995453486768114, "Precision_mean": 0.8732353410701684, "Precision_std": 0.011190523070496658, "Recall_mean": 0.8733593475514491, "Recall_std": 0.00988088996231435, "ROC-AUC_mean": 0.9708454182931984, "ROC-AUC_std": 0.005465827373604822, "_wandb": {"runtime": 20}}