{"Dataset": "All Features", "_timestamp": 1698732984.6935472, "_runtime": 397.5419383049011, "_step": 0, "_wandb": {"runtime": 9}}