{"Accuracy_mean": 0.8955207702600674, "Accuracy_std": 0.01446053049650261, "_timestamp": 1698738467.3671525, "_runtime": 126.1778793334961, "_step": 4, "F1 Score_mean": 0.8970625918981021, "F1 Score_std": 0.01368252082013156, "Precision_mean": 0.9028508978857406, "Precision_std": 0.01023047836584982, "Recall_mean": 0.8955207702600674, "Recall_std": 0.01446053049650261, "ROC-AUC_mean": 0.974362715407949, "ROC-AUC_std": 0.001899087169138062, "_wandb": {"runtime": 124}}