{"Accuracy_mean": 0.8536659116563132, "Accuracy_std": 0.010830847377980124, "_timestamp": 1698745497.6087217, "_runtime": 14.207342624664307, "_step": 4, "F1 Score_mean": 0.8512163102766277, "F1 Score_std": 0.011077747633147984, "Precision_mean": 0.8511044213439337, "Precision_std": 0.011550271646371629, "Recall_mean": 0.8536659116563132, "Recall_std": 0.010830847377980124, "ROC-AUC_mean": 0.965163887493896, "ROC-AUC_std": 0.003922358559821465, "_wandb": {"runtime": 12}}