{"Accuracy_mean": 0.7047619047619047, "Accuracy_std": 0.29292488569961334, "_timestamp": 1698733003.3114185, "_runtime": 10.035022497177124, "_step": 4, "F1 Score_mean": 0.6782427637721755, "F1 Score_std": 0.32951329287315084, "Precision_mean": 0.7043809523809523, "Precision_std": 0.3450892304484876, "Recall_mean": 0.7047619047619047, "Recall_std": 0.29292488569961334, "ROC-AUC_mean": 0.9696471306471306, "ROC-AUC_std": 0.030453313162912544, "_wandb": {"runtime": 8}}