{"Accuracy_mean": 0.8741793934500983, "Accuracy_std": 0.006299070072354147, "_timestamp": 1698745970.7205107, "_runtime": 14.709305763244629, "_step": 4, "F1 Score_mean": 0.8727296126834052, "F1 Score_std": 0.0066231937603855396, "Precision_mean": 0.8728600996948757, "Precision_std": 0.006842252773787881, "Recall_mean": 0.8741793934500983, "Recall_std": 0.006299070072354147, "ROC-AUC_mean": 0.9731900865759883, "ROC-AUC_std": 0.0020342322603311654, "_wandb": {"runtime": 13}}