{"Accuracy_mean": 0.7781775844153903, "Accuracy_std": 0.010028871460991493, "_timestamp": 1698739355.5637944, "_runtime": 46.500285387039185, "_step": 4, "F1 Score_mean": 0.770075360794974, "F1 Score_std": 0.011129626267009017, "Precision_mean": 0.7770830840714392, "Precision_std": 0.011910038991115295, "Recall_mean": 0.7781775844153903, "Recall_std": 0.010028871460991493, "ROC-AUC_mean": 0.9446921007187526, "ROC-AUC_std": 0.0043520294215949, "_wandb": {"runtime": 44}}