{"Accuracy_mean": 0.9387320311273575, "Accuracy_std": 0.002320245572977562, "_timestamp": 1698741192.497496, "_runtime": 32.38724899291992, "_step": 4, "F1 Score_mean": 0.9388053566215507, "F1 Score_std": 0.0024223085068138194, "Precision_mean": 0.9393485184079307, "Precision_std": 0.002604672072765676, "Recall_mean": 0.9387320311273575, "Recall_std": 0.002320245572977562, "ROC-AUC_mean": 0.994064764282055, "ROC-AUC_std": 0.0008941992761874409, "_wandb": {"runtime": 30}}