{"Accuracy_mean": 0.8996131506357786, "Accuracy_std": 0.008275962722703749, "_timestamp": 1698743814.0169914, "_runtime": 32.546332359313965, "_step": 4, "F1 Score_mean": 0.8997595504643426, "F1 Score_std": 0.008194451685086453, "Precision_mean": 0.9010766096899842, "Precision_std": 0.008940502853775664, "Recall_mean": 0.8996131506357786, "Recall_std": 0.008275962722703749, "ROC-AUC_mean": 0.9803806771180092, "ROC-AUC_std": 0.002312355840469671, "_wandb": {"runtime": 30}}