{"Accuracy_mean": 0.951861362158283, "Accuracy_std": 0.006768362856838358, "_timestamp": 1698742119.3132844, "_runtime": 12.160531282424927, "_step": 4, "F1 Score_mean": 0.9519145257476547, "F1 Score_std": 0.006603818093223998, "Precision_mean": 0.9521722556195737, "Precision_std": 0.006535275235942611, "Recall_mean": 0.951861362158283, "Recall_std": 0.006768362856838358, "ROC-AUC_mean": 0.9961980910026483, "ROC-AUC_std": 0.0008395818876802431, "_wandb": {"runtime": 10}}