{"Accuracy_mean": 0.945566743662772, "Accuracy_std": 0.007961191491982253, "_timestamp": 1698740630.2067103, "_runtime": 54.58139133453369, "_step": 4, "F1 Score_mean": 0.9457664431898805, "F1 Score_std": 0.007917290399703906, "Precision_mean": 0.9464129495332804, "Precision_std": 0.008129788139062824, "Recall_mean": 0.945566743662772, "Recall_std": 0.007961191491982253, "ROC-AUC_mean": 0.9954666103906165, "ROC-AUC_std": 0.0009746097078301235, "_wandb": {"runtime": 52}}