{"Accuracy_mean": 0.8194796408841845, "Accuracy_std": 0.010958969083041416, "_timestamp": 1698738516.8634238, "_runtime": 40.29204487800598, "_step": 4, "F1 Score_mean": 0.8230688569912885, "F1 Score_std": 0.009559348449541651, "Precision_mean": 0.828372796681137, "Precision_std": 0.007321870197038989, "Recall_mean": 0.8194796408841845, "Recall_std": 0.010958969083041416, "ROC-AUC_mean": 0.8820962513888739, "ROC-AUC_std": 0.008267969608392921, "_wandb": {"runtime": 38}}