{"Accuracy_mean": 0.8648867858237462, "Accuracy_std": 0.01406610258914952, "_timestamp": 1698745121.0976756, "_runtime": 12.051090478897095, "_step": 4, "F1 Score_mean": 0.8631673756100054, "F1 Score_std": 0.013713093719174788, "Precision_mean": 0.8667364235519823, "Precision_std": 0.01362329041317672, "Recall_mean": 0.8648867858237462, "Recall_std": 0.01406610258914952, "ROC-AUC_mean": 0.9726107629280136, "ROC-AUC_std": 0.002951352618957056, "_wandb": {"runtime": 10}}