{"Accuracy_mean": 0.9540456594380032, "Accuracy_std": 0.010555486771575834, "_timestamp": 1698738214.1128185, "_runtime": 122.06932258605957, "_step": 4, "F1 Score_mean": 0.9541856897297902, "F1 Score_std": 0.010495564973879386, "Precision_mean": 0.9548619643938663, "Precision_std": 0.010629147508776835, "Recall_mean": 0.9540456594380032, "Recall_std": 0.010555486771575834, "ROC-AUC_mean": 0.9962864016507215, "ROC-AUC_std": 0.0009531494184968426, "_wandb": {"runtime": 120}}