{"Accuracy_mean": 0.804433256337228, "Accuracy_std": 0.007017944488047551, "_timestamp": 1698742572.9569676, "_runtime": 104.82283568382263, "_step": 4, "F1 Score_mean": 0.799863115590405, "F1 Score_std": 0.007983100426542033, "Precision_mean": 0.798606835254133, "Precision_std": 0.009199580625489109, "Recall_mean": 0.804433256337228, "Recall_std": 0.007017944488047551, "ROC-AUC_mean": 0.9149482640480064, "ROC-AUC_std": 0.0032369209181069562, "_wandb": {"runtime": 103}}