{"Accuracy_mean": 0.20476190476190478, "Accuracy_std": 0.08181612036157916, "_timestamp": 1698733051.8726428, "_runtime": 9.574488639831543, "_step": 4, "F1 Score_mean": 0.07680967123691582, "F1 Score_std": 0.057777897519880474, "Precision_mean": 0.04862131519274377, "Precision_std": 0.04069692891910912, "Recall_mean": 0.20476190476190478, "Recall_std": 0.08181612036157916, "ROC-AUC_mean": 0.5, "ROC-AUC_std": 0.0, "_wandb": {"runtime": 8}}