{"Accuracy_mean": 0.8763696710098451, "Accuracy_std": 0.008427188047558494, "_timestamp": 1698743548.3922148, "_runtime": 143.18779873847961, "_step": 4, "F1 Score_mean": 0.8744638786756523, "F1 Score_std": 0.008706738378845367, "Precision_mean": 0.8758607493486286, "Precision_std": 0.009966263731181747, "Recall_mean": 0.8763696710098451, "Recall_std": 0.008427188047558494, "ROC-AUC_mean": 0.9754555556225917, "ROC-AUC_std": 0.0029219601042964408, "_wandb": {"runtime": 141}}