{"Accuracy_mean": 0.9442017447466977, "Accuracy_std": 0.006076857105689105, "_timestamp": 1698741714.2264104, "_runtime": 47.063509464263916, "_step": 4, "F1 Score_mean": 0.9442350287526636, "F1 Score_std": 0.005997098466238261, "Precision_mean": 0.9445767311675051, "Precision_std": 0.005992827369428218, "Recall_mean": 0.9442017447466977, "Recall_std": 0.006076857105689105, "ROC-AUC_mean": 0.9948825485595709, "ROC-AUC_std": 0.001036321401210348, "_wandb": {"runtime": 45}}