{"Accuracy_mean": 0.9447485666016311, "Accuracy_std": 0.0016341940996788314, "_timestamp": 1698741309.5367944, "_runtime": 28.348966360092163, "_step": 4, "F1 Score_mean": 0.9445226228335244, "F1 Score_std": 0.001465204290426708, "Precision_mean": 0.944739538942755, "Precision_std": 0.0015626370891242897, "Recall_mean": 0.9447485666016311, "Recall_std": 0.0016341940996788314, "ROC-AUC_mean": 0.994711040102478, "ROC-AUC_std": 0.0010472132793721666, "_wandb": {"runtime": 26}}