{"Accuracy_mean": 0.8854006413850328, "Accuracy_std": 0.01639012347695452, "_timestamp": 1698738330.7974496, "_runtime": 44.9217267036438, "_step": 4, "F1 Score_mean": 0.8869046077682008, "F1 Score_std": 0.015983765345794237, "Precision_mean": 0.8903623606259176, "Precision_std": 0.015414071078622025, "Recall_mean": 0.8854006413850328, "Recall_std": 0.01639012347695452, "ROC-AUC_mean": 0.9701154581922509, "ROC-AUC_std": 0.0022780987207150867, "_wandb": {"runtime": 43}}