{"Accuracy_mean": 0.8692557541506881, "Accuracy_std": 0.007819567418330023, "_timestamp": 1698744762.8461475, "_runtime": 91.87785649299622, "_step": 4, "F1 Score_mean": 0.867569803174739, "F1 Score_std": 0.00803816241824661, "Precision_mean": 0.8676751749197493, "Precision_std": 0.00853027810112499, "Recall_mean": 0.8692557541506881, "Recall_std": 0.007819567418330023, "ROC-AUC_mean": 0.9703077882206397, "ROC-AUC_std": 0.0028074120455372042, "_wandb": {"runtime": 90}}