{"Accuracy_mean": 0.8427291007901445, "Accuracy_std": 0.01222767991832874, "_timestamp": 1698739129.254715, "_runtime": 9.749261856079102, "_step": 4, "F1 Score_mean": 0.8411809281237655, "F1 Score_std": 0.011723352840166944, "Precision_mean": 0.8404350551652972, "Precision_std": 0.011638755781085171, "Recall_mean": 0.8427291007901445, "Recall_std": 0.01222767991832874, "ROC-AUC_mean": 0.9647665397548589, "ROC-AUC_std": 0.003669602599806349, "_wandb": {"runtime": 8}}