{"Accuracy_mean": 0.8810223288705492, "Accuracy_std": 0.013713542981219797, "_timestamp": 1698739259.3835146, "_runtime": 16.868531703948975, "_step": 4, "F1 Score_mean": 0.8807842843518203, "F1 Score_std": 0.013945134740875121, "Precision_mean": 0.8828565446508435, "Precision_std": 0.013341665980032967, "Recall_mean": 0.8810223288705492, "Recall_std": 0.013713542981219797, "ROC-AUC_mean": 0.9678312586547092, "ROC-AUC_std": 0.002176438360960017, "_wandb": {"runtime": 15}}