{"Accuracy_mean": 0.779271228125257, "Accuracy_std": 0.013060701330005337, "_timestamp": 1698743658.5511708, "_runtime": 35.8685188293457, "_step": 4, "F1 Score_mean": 0.7798596426115643, "F1 Score_std": 0.012789978392667224, "Precision_mean": 0.786884331590665, "Precision_std": 0.011901575050112089, "Recall_mean": 0.779271228125257, "Recall_std": 0.013060701330005337, "ROC-AUC_mean": 0.9100147135924624, "ROC-AUC_std": 0.004359595181813616, "_wandb": {"runtime": 34}}