{"Accuracy_mean": 0.8905933932856407, "Accuracy_std": 0.006067069751879309, "_timestamp": 1698738959.5180056, "_runtime": 44.07439970970154, "_step": 4, "F1 Score_mean": 0.8915095288716307, "F1 Score_std": 0.00574449787044361, "Precision_mean": 0.8950256596143127, "Precision_std": 0.004763687226310512, "Recall_mean": 0.8905933932856407, "Recall_std": 0.006067069751879309, "ROC-AUC_mean": 0.9750406706161628, "ROC-AUC_std": 0.001958603305259806, "_wandb": {"runtime": 42}}