{"Accuracy_mean": 0.76723142936168, "Accuracy_std": 0.005653511353508841, "_timestamp": 1698744564.835009, "_runtime": 19.912504196166992, "_step": 4, "F1 Score_mean": 0.7674189010255932, "F1 Score_std": 0.005741598693504849, "Precision_mean": 0.7775485994367217, "Precision_std": 0.0055597196198366615, "Recall_mean": 0.76723142936168, "Recall_std": 0.005653511353508841, "ROC-AUC_mean": 0.9012496265652583, "ROC-AUC_std": 0.002397068861336257, "_wandb": {"runtime": 18}}