{"Accuracy_mean": 0.9622520987045219, "Accuracy_std": 0.0075299033908448835, "_timestamp": 1698738627.2115276, "_runtime": 95.49027967453003, "_step": 4, "F1 Score_mean": 0.9623101281506583, "F1 Score_std": 0.007485818992559399, "Precision_mean": 0.9625271740316231, "Precision_std": 0.007328169521476512, "Recall_mean": 0.9622520987045219, "Recall_std": 0.0075299033908448835, "ROC-AUC_mean": 0.9974663034384074, "ROC-AUC_std": 0.0006988380210048232, "_wandb": {"runtime": 93}}