{"Accuracy_mean": 0.9466666666666667, "Accuracy_std": 0.04988876515698587, "_timestamp": 1698733081.011478, "_runtime": 11.780320882797241, "_step": 4, "F1 Score_mean": 0.940952380952381, "F1 Score_std": 0.052648666518420005, "Precision_mean": 0.9433333333333334, "Precision_std": 0.057348835113617505, "Recall_mean": 0.9466666666666667, "Recall_std": 0.04988876515698587, "ROC-AUC_mean": 0.9975555555555555, "ROC-AUC_std": 0.004888888888888898, "_wandb": {"runtime": 10}}