{"Accuracy_mean": 0.9436567917292727, "Accuracy_std": 0.007184525277428459, "_timestamp": 1698741152.3531346, "_runtime": 58.69399571418762, "_step": 4, "F1 Score_mean": 0.9437835891705234, "F1 Score_std": 0.006875164267769621, "Precision_mean": 0.9443242478012082, "Precision_std": 0.006574023770707373, "Recall_mean": 0.9436567917292727, "Recall_std": 0.007184525277428459, "ROC-AUC_mean": 0.9949547887012182, "ROC-AUC_std": 0.0007948502599885892, "_wandb": {"runtime": 56}}