{"Accuracy_mean": 0.8052521809333723, "Accuracy_std": 0.013327913081461388, "_timestamp": 1698743398.1100242, "_runtime": 13.40171217918396, "_step": 4, "F1 Score_mean": 0.8029900503279409, "F1 Score_std": 0.01252891832322407, "Precision_mean": 0.8023196789012024, "Precision_std": 0.012145256544449099, "Recall_mean": 0.8052521809333723, "Recall_std": 0.013327913081461388, "ROC-AUC_mean": 0.8677042530715979, "ROC-AUC_std": 0.008552652160350664, "_wandb": {"runtime": 11}}