{"Accuracy_mean": 0.8574947859433518, "Accuracy_std": 0.0035979387779991596, "_timestamp": 1698745677.3559468, "_runtime": 75.8107397556305, "_step": 4, "F1 Score_mean": 0.8545613056042939, "F1 Score_std": 0.003320415702992816, "Precision_mean": 0.8553526674048294, "Precision_std": 0.0036131220165841766, "Recall_mean": 0.8574947859433518, "Recall_std": 0.0035979387779991596, "ROC-AUC_mean": 0.9691405314905086, "ROC-AUC_std": 0.002356111607593388, "_wandb": {"runtime": 74}}