{"Accuracy_mean": 0.9425616529493993, "Accuracy_std": 0.007677829942951074, "_timestamp": 1698738834.9437962, "_runtime": 59.38966107368469, "_step": 4, "F1 Score_mean": 0.9427151963394304, "F1 Score_std": 0.007279952622978051, "Precision_mean": 0.9434144775879305, "Precision_std": 0.00667897453239476, "Recall_mean": 0.9425616529493993, "Recall_std": 0.007677829942951074, "ROC-AUC_mean": 0.9949727645974475, "ROC-AUC_std": 0.0007745268803359399, "_wandb": {"runtime": 57}}