{"Accuracy_mean": 0.8766440163560658, "Accuracy_std": 0.006495451012679295, "_timestamp": 1698744866.2758863, "_runtime": 9.42174220085144, "_step": 4, "F1 Score_mean": 0.8764337728791707, "F1 Score_std": 0.006527402633186239, "Precision_mean": 0.8772150074932595, "Precision_std": 0.006163390135015148, "Recall_mean": 0.8766440163560658, "Recall_std": 0.006495451012679295, "ROC-AUC_mean": 0.9457294705527112, "ROC-AUC_std": 0.006917747138509306, "_wandb": {"runtime": 7}}