{"Accuracy_mean": 0.8859482107749695, "Accuracy_std": 0.014265180932140178, "_timestamp": 1698739296.3427365, "_runtime": 29.629979372024536, "_step": 4, "F1 Score_mean": 0.8864553774898052, "F1 Score_std": 0.0138509283700033, "Precision_mean": 0.8891963751617938, "Precision_std": 0.011757030257408707, "Recall_mean": 0.8859482107749695, "Recall_std": 0.014265180932140178, "ROC-AUC_mean": 0.9734193580782147, "ROC-AUC_std": 0.002835946267539486, "_wandb": {"runtime": 27}}