{"Accuracy_mean": 0.8960634806724824, "Accuracy_std": 0.008268490179803302, "_timestamp": 1698745081.7370322, "_runtime": 36.966941118240356, "_step": 4, "F1 Score_mean": 0.8960957722573534, "F1 Score_std": 0.00815579260337365, "Precision_mean": 0.89677373810843, "Precision_std": 0.008002969431934185, "Recall_mean": 0.8960634806724824, "Recall_std": 0.008268490179803302, "ROC-AUC_mean": 0.9838382989087007, "ROC-AUC_std": 0.0014652310458596251, "_wandb": {"runtime": 34}}