{"Accuracy_mean": 0.7721576850336016, "Accuracy_std": 0.008212938470229006, "_timestamp": 1698742461.2620008, "_runtime": 36.34385085105896, "_step": 4, "F1 Score_mean": 0.773272329373238, "F1 Score_std": 0.007784518678149472, "Precision_mean": 0.7824161768382656, "Precision_std": 0.006678416070666715, "Recall_mean": 0.7721576850336016, "Recall_std": 0.008212938470229006, "ROC-AUC_mean": 0.9019441363648127, "ROC-AUC_std": 0.004335693389318931, "_wandb": {"runtime": 34}}