{"Accuracy_mean": 0.9316207306407123, "Accuracy_std": 0.004794374823037987, "_timestamp": 1698739235.8433244, "_runtime": 26.70219135284424, "_step": 4, "F1 Score_mean": 0.9316299171295279, "F1 Score_std": 0.0048253732679555145, "Precision_mean": 0.9319722685467241, "Precision_std": 0.00490175859425782, "Recall_mean": 0.9316207306407123, "Recall_std": 0.004794374823037987, "ROC-AUC_mean": 0.9931043742109719, "ROC-AUC_std": 0.0010227160970843337, "_wandb": {"runtime": 24}}