{"Accuracy_mean": 0.8564018897684884, "Accuracy_std": 0.004925766800608897, "_timestamp": 1698744209.2142198, "_runtime": 35.346916913986206, "_step": 4, "F1 Score_mean": 0.8542730584686005, "F1 Score_std": 0.004568145924359394, "Precision_mean": 0.854233233654502, "Precision_std": 0.005177354134994402, "Recall_mean": 0.8564018897684884, "Recall_std": 0.004925766800608897, "ROC-AUC_mean": 0.9659981263549609, "ROC-AUC_std": 0.0017337937167005218, "_wandb": {"runtime": 32}}