{"Accuracy_mean": 0.8323316364288758, "Accuracy_std": 0.00890881720426607, "_timestamp": 1698745576.226548, "_runtime": 9.69457197189331, "_step": 4, "F1 Score_mean": 0.8276305358681377, "F1 Score_std": 0.009819816390768196, "Precision_mean": 0.8287767238167779, "Precision_std": 0.010937973964954944, "Recall_mean": 0.8323316364288758, "Recall_std": 0.00890881720426607, "ROC-AUC_mean": 0.9550680629381281, "ROC-AUC_std": 0.004345225128676438, "_wandb": {"runtime": 8}}