{"Accuracy_mean": 0.8998897385870093, "Accuracy_std": 0.003419113561498502, "_timestamp": 1698739146.724361, "_runtime": 10.007478952407837, "_step": 4, "F1 Score_mean": 0.8993613870296384, "F1 Score_std": 0.004163838782420498, "Precision_mean": 0.8995001139168262, "Precision_std": 0.004513620063739165, "Recall_mean": 0.8998897385870093, "Recall_std": 0.003419113561498502, "ROC-AUC_mean": 0.9518362247476724, "ROC-AUC_std": 0.0037665384282302558, "_wandb": {"runtime": 8}}