{"Accuracy_mean": 0.9504941206371988, "Accuracy_std": 0.006653120366230205, "_timestamp": 1698741426.5578036, "_runtime": 10.62777853012085, "_step": 4, "F1 Score_mean": 0.950492041345082, "F1 Score_std": 0.006575248597048948, "Precision_mean": 0.9507495164615316, "Precision_std": 0.006432242434798821, "Recall_mean": 0.9504941206371988, "Recall_std": 0.006653120366230205, "ROC-AUC_mean": 0.9953828261534996, "ROC-AUC_std": 0.0008912345049024916, "_wandb": {"runtime": 9}}