{"Accuracy_mean": 0.9420129622569577, "Accuracy_std": 0.002226801756186755, "_timestamp": 1698742031.3302546, "_runtime": 29.629019498825073, "_step": 4, "F1 Score_mean": 0.9412662229855762, "F1 Score_std": 0.0020902274478223595, "Precision_mean": 0.9417341907291835, "Precision_std": 0.0024881828362796022, "Recall_mean": 0.9420129622569577, "Recall_std": 0.002226801756186755, "ROC-AUC_mean": 0.9940065288550028, "ROC-AUC_std": 0.0007033156381554895, "_wandb": {"runtime": 28}}