{"Accuracy_mean": 0.85530787229112, "Accuracy_std": 0.018592131566065814, "_timestamp": 1698743378.2168171, "_runtime": 15.52477502822876, "_step": 4, "F1 Score_mean": 0.8522661468528627, "F1 Score_std": 0.02006164018925472, "Precision_mean": 0.853876188928173, "Precision_std": 0.019708938801292403, "Recall_mean": 0.85530787229112, "Recall_std": 0.018592131566065814, "ROC-AUC_mean": 0.9639700549137267, "ROC-AUC_std": 0.004173130763581627, "_wandb": {"runtime": 8}}