{"Accuracy_mean": 0.8558554416810568, "Accuracy_std": 0.004875879734320504, "_timestamp": 1698744489.7985861, "_runtime": 76.68365502357483, "_step": 4, "F1 Score_mean": 0.8529583420909347, "F1 Score_std": 0.005044244813349125, "Precision_mean": 0.8535566938225323, "Precision_std": 0.005459150796069768, "Recall_mean": 0.8558554416810568, "Recall_std": 0.004875879734320504, "ROC-AUC_mean": 0.9692189140477477, "ROC-AUC_std": 0.0029643159677730556, "_wandb": {"runtime": 75}}