{"Accuracy_mean": 0.8933308664678223, "Accuracy_std": 0.014409803788043572, "_timestamp": 1698741065.4758167, "_runtime": 9.491261720657349, "_step": 4, "F1 Score_mean": 0.8932541874381025, "F1 Score_std": 0.014528355196957618, "Precision_mean": 0.8944511251576591, "Precision_std": 0.014747066808868184, "Recall_mean": 0.8933308664678223, "Recall_std": 0.014409803788043572, "ROC-AUC_mean": 0.9830852494994377, "ROC-AUC_std": 0.0027098426561622643, "_wandb": {"runtime": 7}}