{"Accuracy_mean": 0.7740695058046093, "Accuracy_std": 0.011916085560081075, "_timestamp": 1698745341.0535982, "_runtime": 27.793978214263916, "_step": 4, "F1 Score_mean": 0.7630926390057414, "F1 Score_std": 0.013464668390799447, "Precision_mean": 0.76193677451681, "Precision_std": 0.013041629672242165, "Recall_mean": 0.7740695058046093, "Recall_std": 0.011916085560081075, "ROC-AUC_mean": 0.9154291526127473, "ROC-AUC_std": 0.005113663893001202, "_wandb": {"runtime": 26}}