{"Accuracy_mean": 0.8490214766806454, "Accuracy_std": 0.013997195191118193, "_timestamp": 1698745475.6449928, "_runtime": 77.19590091705322, "_step": 4, "F1 Score_mean": 0.8462646615988778, "F1 Score_std": 0.014678297602441786, "Precision_mean": 0.8458858457476879, "Precision_std": 0.015185909720368172, "Recall_mean": 0.8490214766806454, "Recall_std": 0.013997195191118193, "ROC-AUC_mean": 0.961784252084686, "ROC-AUC_std": 0.005253936718665552, "_wandb": {"runtime": 75}}