{"Accuracy_mean": 0.9056367876925837, "Accuracy_std": 0.006942565082778136, "_timestamp": 1698744252.7092788, "_runtime": 36.93433094024658, "_step": 4, "F1 Score_mean": 0.90487024818955, "F1 Score_std": 0.00693128666721566, "Precision_mean": 0.9122971376177562, "Precision_std": 0.007244248268823889, "Recall_mean": 0.9056367876925837, "Recall_std": 0.006942565082778136, "ROC-AUC_mean": 0.9874431039328162, "ROC-AUC_std": 0.0009296349036492937, "_wandb": {"runtime": 35}}