{"Accuracy_mean": 0.8036094727635621, "Accuracy_std": 0.009442718684156179, "_timestamp": 1698742199.1562138, "_runtime": 13.989830732345581, "_step": 4, "F1 Score_mean": 0.8015240101402099, "F1 Score_std": 0.009307424677363133, "Precision_mean": 0.8006258231829889, "Precision_std": 0.009555146761239901, "Recall_mean": 0.8036094727635621, "Recall_std": 0.009442718684156179, "ROC-AUC_mean": 0.8658162926709398, "ROC-AUC_std": 0.004365952718703709, "_wandb": {"runtime": 12}}