{"Accuracy_mean": 0.9023506238179604, "Accuracy_std": 0.0035679172247461387, "_timestamp": 1698741465.4300818, "_runtime": 15.217163801193237, "_step": 4, "F1 Score_mean": 0.901991205238971, "F1 Score_std": 0.0040999022863023515, "Precision_mean": 0.9020754263342832, "Precision_std": 0.004538790508835846, "Recall_mean": 0.9023506238179604, "Recall_std": 0.0035679172247461387, "ROC-AUC_mean": 0.9529350468665971, "ROC-AUC_std": 0.004111899164417831, "_wandb": {"runtime": 8}}