{"Accuracy_mean": 0.8818461124442152, "Accuracy_std": 0.019179612901449525, "_timestamp": 1698738907.280364, "_runtime": 20.418746948242188, "_step": 4, "F1 Score_mean": 0.8824429172713284, "F1 Score_std": 0.018382098181096068, "Precision_mean": 0.8838318768268911, "Precision_std": 0.016974634764323853, "Recall_mean": 0.8818461124442152, "Recall_std": 0.019179612901449525, "ROC-AUC_mean": 0.9719340321238212, "ROC-AUC_std": 0.002406857496028252, "_wandb": {"runtime": 18}}