{"Accuracy_mean": 0.7727022642835252, "Accuracy_std": 0.00705362145799041, "_timestamp": 1698745749.8329575, "_runtime": 19.74886155128479, "_step": 4, "F1 Score_mean": 0.7719426882719502, "F1 Score_std": 0.007263189689727446, "Precision_mean": 0.7798007153681861, "Precision_std": 0.006658052139916822, "Recall_mean": 0.7727022642835252, "Recall_std": 0.00705362145799041, "ROC-AUC_mean": 0.896557293496719, "ROC-AUC_std": 0.0033615730001097925, "_wandb": {"runtime": 18}}