{"Accuracy_mean": 0.8703516404655648, "Accuracy_std": 0.010590719433252934, "_timestamp": 1698743615.511438, "_runtime": 59.52354979515076, "_step": 4, "F1 Score_mean": 0.8707611265773301, "F1 Score_std": 0.01088502862353335, "Precision_mean": 0.8740622942057114, "Precision_std": 0.011468541207631699, "Recall_mean": 0.8703516404655648, "Recall_std": 0.010590719433252934, "ROC-AUC_mean": 0.9723479033420486, "ROC-AUC_std": 0.0025267346314645804, "_wandb": {"runtime": 52}}