{"Accuracy_mean": 0.9390060027060768, "Accuracy_std": 0.003898865466482444, "_timestamp": 1698741916.3801475, "_runtime": 32.56912541389465, "_step": 4, "F1 Score_mean": 0.9391632292766093, "F1 Score_std": 0.0036774233651030355, "Precision_mean": 0.9396640628701205, "Precision_std": 0.0034863448418787765, "Recall_mean": 0.9390060027060768, "Recall_std": 0.003898865466482444, "ROC-AUC_mean": 0.994092351952825, "ROC-AUC_std": 0.0009021747903240546, "_wandb": {"runtime": 31}}