{"Accuracy_mean": 0.8241263184648622, "Accuracy_std": 0.01350957594847517, "_timestamp": 1698746000.156311, "_runtime": 18.14755606651306, "_step": 4, "F1 Score_mean": 0.8230322891875353, "F1 Score_std": 0.012674386140880746, "Precision_mean": 0.8238751876506161, "Precision_std": 0.012405677721428254, "Recall_mean": 0.8241263184648622, "Recall_std": 0.01350957594847517, "ROC-AUC_mean": 0.9533894175618578, "ROC-AUC_std": 0.004331299945150601, "_wandb": {"runtime": 16}}