{"Accuracy_mean": 0.9526791654519222, "Accuracy_std": 0.0072775565652143425, "_timestamp": 1698740862.1236846, "_runtime": 25.315358638763428, "_step": 4, "F1 Score_mean": 0.9525076457867261, "F1 Score_std": 0.007310522857582613, "Precision_mean": 0.9527985523922602, "Precision_std": 0.007222866859857234, "Recall_mean": 0.9526791654519222, "Recall_std": 0.0072775565652143425, "ROC-AUC_mean": 0.9955654635202729, "ROC-AUC_std": 0.00054733640807469, "_wandb": {"runtime": 23}}