{"Accuracy_mean": 0.8821152250454126, "Accuracy_std": 0.0135733645534332, "_timestamp": 1698741582.0399673, "_runtime": 21.93353033065796, "_step": 4, "F1 Score_mean": 0.8829045502749395, "F1 Score_std": 0.013418988166898195, "Precision_mean": 0.8842237733371865, "Precision_std": 0.013094630227505783, "Recall_mean": 0.8821152250454126, "Recall_std": 0.0135733645534332, "ROC-AUC_mean": 0.9724521450103347, "ROC-AUC_std": 0.00219968122193916, "_wandb": {"runtime": 15}}