{"Accuracy_mean": 0.902899314510402, "Accuracy_std": 0.010052765592767212, "_timestamp": 1698744922.1979098, "_runtime": 18.997954845428467, "_step": 4, "F1 Score_mean": 0.903674859348255, "F1 Score_std": 0.009842785713663878, "Precision_mean": 0.9050077043079365, "Precision_std": 0.009534753944176433, "Recall_mean": 0.902899314510402, "Recall_std": 0.010052765592767212, "ROC-AUC_mean": 0.9862276455199737, "ROC-AUC_std": 0.0022912347877060146, "_wandb": {"runtime": 17}}