{"Accuracy_mean": 0.768053717865339, "Accuracy_std": 0.014601482007309294, "_timestamp": 1698745306.2407095, "_runtime": 17.074947595596313, "_step": 4, "F1 Score_mean": 0.7667840764571048, "F1 Score_std": 0.014961975501727644, "Precision_mean": 0.773689377527559, "Precision_std": 0.01332923745026914, "Recall_mean": 0.768053717865339, "Recall_std": 0.014601482007309294, "ROC-AUC_mean": 0.9003389333913651, "ROC-AUC_std": 0.002988230732094423, "_wandb": {"runtime": 15}}