{"Accuracy_mean": 0.7871973417655281, "Accuracy_std": 0.009695015877765712, "_timestamp": 1698745803.6330707, "_runtime": 41.79249858856201, "_step": 4, "F1 Score_mean": 0.7774051681347761, "F1 Score_std": 0.010566978887956999, "Precision_mean": 0.7775050040136144, "Precision_std": 0.010157922143740629, "Recall_mean": 0.7871973417655281, "Recall_std": 0.009695015877765712, "ROC-AUC_mean": 0.9163529538980504, "ROC-AUC_std": 0.0043744453226434105, "_wandb": {"runtime": 40}}