{"Accuracy_mean": 0.8949698369626157, "Accuracy_std": 0.009810648244469576, "_timestamp": 1698744037.7746768, "_runtime": 10.363330841064453, "_step": 4, "F1 Score_mean": 0.8950563393943313, "F1 Score_std": 0.00925836348694057, "Precision_mean": 0.8958811588130701, "Precision_std": 0.009317624735378798, "Recall_mean": 0.8949698369626157, "Recall_std": 0.009810648244469576, "ROC-AUC_mean": 0.9550758654922047, "ROC-AUC_std": 0.006257263238386995, "_wandb": {"runtime": 8}}