{"Accuracy_mean": 0.882936392246567, "Accuracy_std": 0.013322173014065504, "_timestamp": 1698741221.4282253, "_runtime": 21.35351824760437, "_step": 4, "F1 Score_mean": 0.8831091969748522, "F1 Score_std": 0.012701077280077234, "Precision_mean": 0.8836442081389932, "Precision_std": 0.012095656409159614, "Recall_mean": 0.882936392246567, "Recall_std": 0.013322173014065504, "ROC-AUC_mean": 0.9737724822244184, "ROC-AUC_std": 0.0025723786354901715, "_wandb": {"runtime": 19}}