{"Accuracy_mean": 0.9280628377923797, "Accuracy_std": 0.010263142843543039, "_timestamp": 1698744329.665859, "_runtime": 13.676167011260986, "_step": 4, "F1 Score_mean": 0.9282102604008035, "F1 Score_std": 0.01034648585088875, "Precision_mean": 0.9289245067974734, "Precision_std": 0.01052589928244815, "Recall_mean": 0.9280628377923797, "Recall_std": 0.010263142843543039, "ROC-AUC_mean": 0.9920692849677387, "ROC-AUC_std": 0.0022172214546050976, "_wandb": {"runtime": 11}}